"Reference","Qty","Value","DNP","Exclude from BOM","Exclude from Board","Footprint","Datasheet"
"C1,C13,C15","3","0u1","","","","Capacitor_SMD:C_0402_1005Metric","~"
"C2","1","10u","","","","Capacitor_SMD:C_1206_3216Metric","~"
"C3,C7","2","1u","","","","Capacitor_SMD:C_0603_1608Metric","~"
"C4,C10","2","100N","","","","Capacitor_SMD:C_0402_1005Metric","~"
"C5","1","2u2","","","","Capacitor_SMD:C_0402_1005Metric","~"
"C6,C11","2","100n","","","","Capacitor_SMD:C_0402_1005Metric","~"
"C8,C9","2","4u7","","","","Capacitor_SMD:C_0402_1005Metric","~"
"C12","1","10u","","","","Capacitor_SMD:C_0402_1005Metric","~"
"C14","1","75p","","","","Capacitor_SMD:C_0402_1005Metric","~"
"C16,C17","2","22u","","","","Capacitor_SMD:C_0805_2012Metric","~"
"C18,C19","2","10p","","","","Capacitor_SMD:C_0402_1005Metric","~"
"D1,D2","2","SS110","","","","Diode_SMD:D_SMA","https://www.smc-diodes.com/propdf/SS12-SS110%20N0229%20REV.C.pdf"
"D6","1","LED","","","","LED_SMD:LED_0805_2012Metric","~"
"D7","1","LED","","","","LED_SMD:LED_0603_1608Metric","~"
"J1,J2,J3","3","SM04B-GHS-TB_LF__SN_-","","","","FlightControllerFootprints:JST_SM04B-GHS-TB_LF__SN_-",""
"J5","1","SD_CARD_SLOT","","","","FlightControllerFootprints:CONN_503398-1892_MOL","https://www.molex.com/en-us/products/part-detail-pdf/5033981892?display=pdf"
"J7","1","TYPE-C-31-M-12","","","","FlightControllerFootprints:HRO_TYPE-C-31-M-12",""
"L1","1","10u","","","","Inductor_SMD_Wurth:L_Wurth_WE-LQSH-4020","~"
"R1,R2","2","4k7","","","","Resistor_SMD:R_0402_1005Metric","~"
"R3,R4","2","5K1","","","","Resistor_SMD:R_0402_1005Metric","~"
"R5","1","105k","","","","Resistor_SMD:R_0402_1005Metric","~"
"R6","1","13k","","","","Resistor_SMD:R_0402_1005Metric","~"
"R7,R12","2","100k","","","","Resistor_SMD:R_0402_1005Metric","~"
"R8","1","511k","","","","Resistor_SMD:R_0402_1005Metric","~"
"R9","1","50","","","","Resistor_SMD:R_0402_1005Metric","~"
"R10,R11","2","10K","","","","Resistor_SMD:R_0402_1005Metric","~"
"R13,R16,R17,R18,R19,R20,R21,R22","8","10k","","","","Resistor_SMD:R_0402_1005Metric","~"
"R14,R15","2","330","","","","Resistor_SMD:R_0402_1005Metric","~"
"SW1,SW3","2","SW_Push","","","","Button_Switch_SMD:SW_SPST_PTS810","~"
"U1","1","STM32F411CEU6","","","","FlightControllerFootprints:stm32",""
"U2","1","ICM-42688-P","","","","FlightControllerFootprints:PQFN50P300X250X97-14N",""
"U3","1","BMP581","","","","FlightControllerFootprints:BMP581",""
"U5","1","3.3Converter","","","","FlightControllerFootprints:SOT95P285X140-5N",""
"U6","1","USBLC6-2SC6","","","","Package_TO_SOT_SMD:SOT-23-6","https://www.st.com/resource/en/datasheet/usblc6-2.pdf"
"U7","1","TPS54302","","","","Package_TO_SOT_SMD:SOT-23-6","http://www.ti.com/lit/ds/symlink/tps54302.pdf"
"U8","1","~","","","","Connector_JST:JST_SH_SM08B-SRSS-TB_1x08-1MP_P1.00mm_Horizontal",""
"Y1","1","Crystal","","","","Crystal:Crystal_SMD_5032-2Pin_5.0x3.2mm","~"
